particule,x,y,vx,vy
0,5216702.12,15593644.60,5796.34,17326.27
1,19106553665575350221460733952.00,-16962963712111213661904699392.00,31844256109292250999029760.00,-28271606186852025976750080.00
2,-427979230257858882998108160.00,815454347130246015993511936.00,-1069948075644647368556544.00,2038635867825615136620544.00
3,128778249216636634296565612150784.00,606840031522862225655482231554048.00,257556498433273274785580711936.00,1213680063045724418659867164672.00
4,32298823066826211328.00,37399374134547423232.00,272106733162222720.00,285498977062317088.00
5,963237266338919748180654424064.00,-1039773467627428481120883179520.00,1376053237627028346769506304.00,-1485390668039183670116876288.00
6,-4671.07,-3940.05,-2.92,-2.46
7,-529376791816937344.00,837702094510473856.00,-1323441979542343.50,2094255236276184.75
8,-22288802036437015855104.00,-2706133127633108467712.00,-44577604072874033152.00,-5412266255266216960.00
9,-49727390763792757424128.00,131266988606592426967040.00,-124318476909481902080.00,328167471516481093632.00
10,-49608333489986562422734848.00,-5802507762037157638701056.00,-124020833724966383910912.00,-14506269405092893425664.00
11,-39284667897208490638180352.00,-251880589420892113701175296.00,-130948892990694970359808.00,-839601964736307120832512.00
12,24633308736191601527528072541110272.00,26032605626659969040801018238992384.00,61583271840479003458532211163136.00,65081514066649923682866456166400.00
13,64493.35,-609004.76,49.61,-468.47
14,-696472490314.73,-198282946109.64,-696472490.31,-198282946.11
15,-5542992297417917440.00,-2614509024224994131968.00,-9238320495696528.00,-4357515040374989312.00
16,27692468529039.94,-8396478926085.61,30769409476.71,-9329421028.98
17,-12836975950420480025402329998032896.00,-16222721708466953411407050807705600.00,-42789919834734936780695488430080.00,-54075739028223178038023502692352.00
18,160274330836125.97,-628582738773326.00,228963329765.89,-897975341104.75
19,546534560910148565467136.00,189170107368504914083840.00,780763658443069325312.00,270243010526435606528.00
20,-31738369529707058053338956828770304.00,33275981179549567985351845761515520.00,-105794565099023523481775467659264.00,110919937265165233823598889664512.00
21,23278705250267159364370432.00,-9002355069622337818066944.00,33255293214667378262016.00,-12860507242317624639488.00
22,1427903521188815359180800.00,-1896243667431472848961536.00,2855807042377630613504.00,-3792487334862946041856.00
23,-1266955522127052544.00,-103378364480683056.00,-1809936460181503.50,-147683377829547.22
24,-10013339446560649199345609998336.00,38360987542152618644408364957696.00,-50066697232803246348571770880.00,191804937710763105888415776768.00
25,2407162163649767.00,3823795550377476.00,2407162163649.77,3823795550377.48
26,-59670753892042822123520.00,-81434279037819947057152.00,-66300837657825361920.00,-90482532264244363264.00
27,-953.17,-473.19,-0.87,-0.43
28,444978360215537956421632.00,831936927013069823934464.00,1112445900538844938240.00,2079842317532674654208.00
29,10373395351589994496.00,-198405601801817063424.00,9430359410536358.00,-180368728910742784.00
30,-320005330161597459464192.00,18981250545759496962048.00,-800013325403993669632.00,47453126364398739456.00
31,-50230559518579228672.00,109467898585891766272.00,-251152805517183968.00,547339496957182016.00
32,-2489368877972507104940430196736.00,-3993171734794549439967665324032.00,-6223422194931266838761308160.00,-9982929336986373511958233088.00
33,47380240707852560.00,32987196887072992.00,52644711897613.96,36652440985636.66
34,8011709442640828416.00,-6259049355994258432.00,20029273606602072.00,-15647623389985646.00
35,-121917907937555962682026572350750720.00,125404839100762855297608132514021376.00,-1219179079375559684466340953849856.00,1254048391007628541446866279071744.00
36,97932181079771082535241741500416.00,-10213266843009789656461505200128.00,195864362159542187025531666432.00,-20426533686019577272229429248.00
37,69752851705283605430272.00,67935633977469445341184.00,116254752842139336704.00,113226056629115731968.00
38,-68760307926589283237888.00,-112980538929157588910080.00,-114600513210982121472.00,-188300898215262617600.00
39,4386341048788909547323392.00,-2010998912683788199788544.00,6266201498269872291840.00,-2872855589548268716032.00
40,-84346354475619055566848.00,-6677416528233883500544.00,-76678504068744593408.00,-6070378662030802944.00
41,-33408908411551768117248.00,-11859633399658075652096.00,-334089084115517440000.00,-118596333996580388864.00
42,-1128240662495804715433984.00,-564942699407795057328128.00,-5641202809984858980352.00,-2824712791641244565504.00
43,63652522925.55,65066667123.02,79565653.66,81333333.90
44,-72508650850681044555515559936.00,-16166063762145623344651698176.00,-145017301701362095845539840.00,-32332127524291245349273600.00
45,0.02,-0.01,0.78,-0.50
46,-56580446.63,9076830.69,-51436.77,8251.66
47,23944656279882588.00,-46042342774266160.00,21767869345347.81,-41856675249332.87
48,26570735736479358736909069189120.00,-8944995320199502700565957181440.00,66426839341198400360709881856.00,-22362488300498759390242799616.00
49,2928876563855520482749625349804392448.00,-6294427281722505426954858880787546112.00,5857753127711041777155989942829056.00,-12588854563445011056823902572380160.00
50,26823412288692691140608.00,3654495293611477827584.00,67058530721731731456.00,9136238234028694528.00
51,-38380691912031262544402317312.00,10190203363405296047268823040.00,-127935639706770876980527104.00,33967344544684318153244672.00
52,-86946480132651400749782709305344.00,-222828244095677001391815880867840.00,-217366200331628520170330259456.00,-557070610239192404963297853440.00
53,-1923929977499684156997632.00,-666361951071993623216128.00,-2404912471874605154304.00,-832952438839992254464.00
54,-89530479067396128.00,-74637508294310160.00,-111913098834245.19,-93296885367887.70
55,90782938918579436680977181573120.00,-152204996106913912459636913471488.00,453914694592897225626132414464.00,-761024980534569635481678512128.00
56,277259822636410765312.00,-299563767939657105408.00,308066469596011968.00,-332848631044063424.00
57,-2424711723778683.00,-1012622119838585.88,-2204283385253.35,-920565563489.62
58,66023731005246639758639104.00,-85098591060154980730142720.00,94319615721780927266816.00,-121569415800221417340928.00
59,1189191.29,75061.25,990.99,62.55
60,-126270954454850575097921536.00,-280493818719500159793758208.00,-180387077792643690790912.00,-400705455313571649945600.00
61,-1837819.06,-732269.68,-1531.52,-610.22
62,-4175.80,7430.03,-3.21,5.72
63,227123087307909.00,333821887636990.50,283903859134.89,417277359546.24
64,552.63,-2318.39,0.50,-2.11
65,-577130660708509160570880.00,38831292798360699403239424.00,-721413325885636608000.00,48539115997950872911872.00
66,0.01,0.01,-163.72,-148.42
67,857392913620099530752.00,178426184819208781824.00,1224847019457285120.00,254894549741726816.00
68,365671463.54,1585212216.33,365671.46,1585212.22
69,-103592289968581394162515968.00,236648835696030241270005760.00,-147988985669402016874496.00,338069765280043236327424.00
70,52713400246503216.00,-148216704756004096.00,75304857494435.72,-211738149652543.88
71,-1885282848193.14,2003200944226.17,-2693261211.72,2861715634.63
72,11523780216574.49,36150280536751.58,16462543166.53,51643257909.65
73,800201496742614532096.00,37184058382094123925504.00,8002014967426196480.00,371840583820941852672.00
74,1722145598933087232.00,-1149704185301533568.00,1913495109925652.50,-1277449094779481.75
75,-45438831997567037474364586983424.00,-3536643186786228215202204090368.00,-151462773325223472087068311552.00,-11788810622620761567629672448.00
76,-37358682642.84,-95174400934.38,-41509647.38,-105749334.37
77,554526626059592073216.00,127608993524826472448.00,1386316565148980224.00,319022483812066176.00
78,-25666740099434479616.00,-26253223346579947520.00,-25666740099434476.00,-26253223346579944.00
79,-22217975723605469691904.00,17844044512953985138688.00,-31739965319436390400.00,25491492161362837504.00
80,-1041738.33,-1507944.21,-947.04,-1370.86
81,-150720953730883256320.00,-125668684338159435776.00,-167467726367648000.00,-139631871486843824.00
82,36032532245787800198350369927987200.00,-5563534271026549781403858353782784.00,120108440819292667327834566426624.00,-18545114236755166628564804042752.00
83,-228064799725864.88,390569221667544.06,-285080999639.52,488211527073.04
84,-202938037327428800.00,-206745079178717472.00,-405876074654857.62,-413490158357434.94
85,-223963713040759456.00,1839742387150407168.00,-172279779262122.66,1415186451654159.50
86,3252552486123.38,-1373510478197.90,3613947206.80,-1526122753.55
87,5506519517808205824.00,-4473112627964145152.00,6883149397260257.00,-5591390784955182.00
88,24270.42,28236.86,18.67,21.72
89,1177926628154930.75,154643899467747.59,1472408285193.66,193304874334.68
90,2015832948167365099520.00,1226505961821094543360.00,2879761354524807168.00,1752151374030135296.00
91,-1200489108574.26,-2348991458859.34,-1200489108.57,-2348991458.86
92,141647791515.48,-536609947866.69,128770719.56,-487827225.33
93,-6.24,-58.69,-0.00,-0.04
94,81474003.88,467799478.60,67895.00,389832.90
95,75914365536.50,-163206937450.01,379588629.83,-816028804.45
96,7457014843217151033325125632.00,-6655962897203632334562131968.00,37285074216085755338424320.00,-33279814486018161501011968.00
97,4115947045.46,-3052504865.04,5909528.88,-4291520.21
98,386781.41,-403094.40,297.52,-310.07
99,-2921948713671394852864.00,4032030089159823589376.00,-3246609681857105408.00,4480033432399803392.00
